Temperature,Humidity,Sprinkler_Duration
37.333172837055685,55.95823892267825,43.397338072070376
41.08335214282177,79.39075781389879,61.881374402861994
26.193361026684457,39.16852934382027,46.91767108701154
41.2798956520498,48.13528754800041,38.18239425496738
38.303768101367545,76.55945303313757,51.315276615235874
34.73064028319599,51.16458146373745,47.56843240589049
36.9428287262529,78.25634380656709,52.75545576864921
37.38225655752176,37.571016019672385,40.82407103745216
22.737434682566438,78.22352408118383,42.91664182101701
21.541103467567897,47.314683291324954,33.52285979768257
37.672758455275186,66.58762920784156,45.04545339985015
39.581196476616576,75.67383271258822,55.27798829966487
36.17894485053814,33.66835007513092,33.72356073382292
35.82956015414753,59.86348761547811,31.36384234498051
29.75999220807592,73.19098476141674,44.89606317490771
31.723264368638095,77.24157520290564,51.36698370951909
39.81956254044937,73.2634935352434,49.53319614644853
35.692388983923124,61.20875004513958,48.001998750288884
33.16781787571828,42.94474895617592,41.08020372605198
23.231860548505495,64.1131673956445,45.13620983036424
30.06765128961302,41.46085564962057,39.705163432258466
20.05239406866544,30.901478625643502,26.08911392896948
37.35291605505621,60.198707057330935,51.94550335751989
33.44310268034657,70.75148956859675,44.386388166272056
34.30654493725734,51.74647858592634,39.299819742406946
27.533865087535418,50.61903281367967,32.897047886120916
42.95007933352228,64.05141003119198,53.031154969782605
35.28594036217281,55.07748309765356,51.05410801077879
25.578755931137866,31.34974585350364,28.463968549210197
23.562472597420218,45.53550669595737,34.01774061198775
40.59327647365838,48.53867197775471,45.05385257572809
38.593935704386254,47.09519132846246,52.17444440798276
25.33780264575112,49.34059287738641,42.92576655958402
35.13856650825355,46.48112156163029,35.85716733866434
20.014295291850942,58.222706821704094,44.94443197574356
41.62174517136592,73.23758396541174,54.57032388011318
20.861276809305068,51.6983639596985,37.09631655875671
42.20686103691037,38.69545116829208,39.15219949237271
33.50527054596742,43.155387185309365,32.79834585531357
33.1340186217801,53.28509120189099,38.761761776105054
34.36233771397521,75.29401131884251,45.32291318111237
37.63728863610626,43.14768266529272,39.853360726733655
29.341745250648643,75.25397556302735,44.50806865670548
20.725942365230818,71.65797384608675,34.60248271343708
22.193606847201913,46.39693527935155,36.16593290123764
38.4117787070967,45.91843048743799,44.35002556532907
34.336250782888364,38.302326003507275,34.051287313107075
30.903835597893348,67.12053059276084,36.9858600146855
21.400269383464952,58.182686214191094,57.570259504434645
38.34545409059861,74.41519652755666,46.360413104783106
33.66222823364402,61.5354714161447,45.58715452642168
44.91075388079177,39.840317459100625,49.004567296396885
40.252661616517585,39.332677119697294,34.63415289712664
33.187675787308535,42.51244984983536,41.33001701510003
38.13986523943045,41.09286143831166,40.50514936812372
31.171228294585582,78.66066492686917,45.716347829618556
36.526952434436396,70.17829596107774,49.62692998717765
43.41441904413992,72.7431495170689,48.92526845338399
41.68202580278188,55.561954318354736,50.25703446695472
23.902113234058575,66.68231202871951,42.447557095844594
24.84682982719205,78.16496120157191,41.708781376129224
37.75627099208183,55.563873157426755,48.64931813986272
23.43864826680854,67.47496789793931,43.379201653775404
26.006445686027,52.8963434440279,42.84518643422438
28.049594001756862,49.055283836036224,40.244346492105585
25.45092721201162,39.511272941847245,30.147724996022983
30.693824071309695,51.68988882752044,45.99679059617075
43.16765127795408,59.868451641695856,58.0600450417445
39.39577696426988,44.827134750379756,40.569024794224994
40.338303890769964,73.23775952789316,54.410598232684585
26.574840901619552,50.00610248854553,45.759784966036946
39.67172205278027,61.55129006815009,53.283585438551036
32.64972249517015,51.68668417428336,34.072315245841274
20.10394578448796,35.69830831540615,32.268078707030675
22.58224915272536,73.7781018898076,37.256852577515275
25.18702928059972,52.769893310687124,45.91687529769798
32.526708776277964,30.194676564162773,34.21219950040161
33.91030613195859,51.83978131747299,42.3243423249764
39.9865613006723,73.53177327926502,52.54795873738458
41.30828843428985,64.9730989783028,51.48429241184662
34.35279923917953,40.79170599444135,37.226373614053145
32.691937236638,47.01843377084808,38.30578941613102
28.371607854196576,48.49912232736651,39.087903012670786
28.365263059101363,70.48459787913401,48.036812959800855
33.57878221948472,78.7051457935003,54.55016386519645
31.12399697153646,46.576847796453706,39.412884851702685
43.19493154768617,67.69438015934819,45.460539511093316
43.86747595502421,36.309700910964885,43.852701291635555
32.25112922420438,51.8477742025957,40.80139419996889
43.08569386545724,46.88474911327306,44.43566408922535
36.48851229584756,70.92215756251824,48.44605736261994
21.674867327536166,41.70391462183125,37.05871908441839
34.27473467068555,30.338116407224298,31.565833184396254
44.73225347415146,42.60110027648404,39.836089753865075
27.65973829651316,59.393377593048754,39.4240541045119
30.737191447015032,59.8925328148291,43.59103621849529
41.52876966169917,62.07801157073668,46.179802967397336
31.88307859552785,57.91619521950961,36.0591506320407
31.239942295605708,54.56911636373829,36.323652401709595
35.65274120137652,66.45014987579627,39.258303008478485
39.40052886151966,60.737205696331564,54.680969729131185
25.23521130248181,47.07366127277072,41.39706773396031
42.54580609645619,52.541923079018545,44.6800303180792
36.908330387571326,41.25601519147324,45.24825399708178
25.147985778411535,32.02220272154532,29.733164630246495
29.62557642138998,34.56104677426531,34.27162394777972
29.057852120563364,53.99057671280763,40.47654051778623
20.043105471570954,60.870927371625584,32.97055391438818
31.504727986834556,63.97729748335732,44.41024388245647
36.065208880062144,40.883494499631496,33.39223749050329
32.90722412056039,34.36614971187881,36.39126505126506
37.594876249971165,62.24221695230162,45.74950220212107
20.38280145157767,66.15837202631144,30.314321804475107
38.235030345352556,58.30134163524965,42.43899432098404
43.58283906811265,35.311114112801214,43.716655962107914
33.8227408985151,43.21671415983111,43.75372308066813
36.75458529532039,55.32714773119731,49.426036816095376
22.53154724830529,31.99058537079127,25.290419168415156
23.748084406695675,48.947590875712784,43.02115356412274
39.00674138467746,46.782614243215164,38.97725641515412
27.486875458691053,35.71590296359913,33.97175807541623
33.12809574371064,44.91424181194065,44.505654571084754
44.14511827853039,78.30083531761116,69.13396477496771
34.043508884286176,65.12896601087587,45.84150847064664
34.422235821112984,37.5675415299289,47.43942473861785
32.21661465191731,56.02835723658001,48.17735679669625
33.27816865146292,33.10360144780033,37.59054128668056
38.66519991930285,37.697762307714626,39.20161538582598
40.44898382211378,78.60470720204395,61.20221435262584
34.98071524474989,31.66424121799312,45.37219765080594
39.00785391093349,39.998319600856526,49.10081342148375
35.89954701400612,35.975017504034774,37.76032928749854
23.434776039013375,76.07740215499418,49.62702659597858
29.238697732757977,66.4616631535639,39.05526927420817
33.18526106342524,34.66966585055101,35.5086079329292
34.90814805409301,46.256430737681654,48.104845391995994
22.008881077000957,67.8360526804199,47.21334509538558
35.34016183772291,78.01305938721256,58.4949457427605
28.145308323675657,65.59331412728233,46.30949366428394
43.95787389349087,48.68275728614217,39.14090466766664
35.127263211028726,47.64203329932941,40.407658037427595
22.042717095523926,68.57282858919558,43.31955821422143
42.374876537929936,51.2233520283372,50.592260288456515
31.45772121572055,79.1132161610453,45.02715410987862
43.6971748980032,79.89719500343105,55.24191291141529
26.72406884414722,47.17310766806261,32.09763197532466
28.654093181808236,68.77333802206964,44.48867724664947
40.30420587072626,62.90538099708334,50.89844924711129
24.098259626651675,51.69195909912587,42.58297478941965
20.26969562141332,35.93640708180714,32.08586001164708
42.51339189832049,70.78223436368356,51.72998840700987
44.29558152807495,66.32841109522214,49.849826945312934
31.979513323511533,47.055219201291784,36.0426503077783
40.73406301594072,75.00423911389444,46.14622849654648
22.56094185542858,52.03215122559397,37.30986344213848
42.64505440581501,32.50213013492478,38.28685805114035
34.78513830824213,74.35171215015805,48.35481798932065
43.40337908455945,39.12001652694619,44.84207362616703
42.400526594387514,50.30383082229279,50.607922465208304
40.32637730291859,42.25523852988849,38.324631368687214
31.263956395754654,60.00598637573667,46.38597989738271
23.26578939581328,37.85173418765618,28.204141290090547
37.23756474372563,43.06831282262393,46.88540712893993
41.50973579916277,58.15250163037199,40.79589487002774
43.42030503668282,44.29330042851787,41.650153414852724
39.725614979329166,70.2738504821502,47.86006416736398
23.18200998415007,69.5625793837718,39.29106381069216
39.38729180479996,43.4278176653455,34.941732518937116
21.490281032516023,48.857429138676196,33.48492761125752
29.719535377410388,44.39472327298215,32.705234788551685
33.410322389494674,37.6805389946458,38.08432350918034
33.47503471677112,58.960918446632846,48.28186486942756
32.99825798565169,45.43888800001624,37.911455316464284
24.742601975601165,68.50909386603999,38.71940107866685
20.37957776126547,39.76589379961136,27.93910375299081
26.383934604034142,61.326776381048894,43.22118878032262
38.631782369777994,34.06943665888008,28.06328146140662
43.34541212262214,50.56402841520405,60.208546150554895
32.73955156365161,75.00857126680806,48.95988362552795
27.564570346814577,33.16172508084724,30.34315914803659
39.18319750565958,71.96052563854732,50.523196928667744
41.374762112937105,47.81210829745967,36.04185001922016
40.19469644115749,30.420880943028152,38.27500628135929
39.631834129547144,78.1058709294503,61.12355226014662
41.63876966990351,68.24020529374849,47.22298912140426
40.46727303094049,62.652000476085945,60.43060958856533
35.5003699886547,44.171092022825135,40.17148347211166
34.185136021840044,41.149248643697526,41.27667238858304
33.94743974979316,44.138788558033525,46.72776808629014
44.00497358296299,54.51334109166063,45.62691649222019
33.54351586667207,39.689859277930495,41.69415166867927
25.43826224375186,36.915178402912204,33.2966826330555
31.927864427807474,31.545171612367717,33.04029056575886
22.664993013195016,50.511772583532,36.74905127545574
23.361076805338705,79.00398218039771,44.846196935762585
41.645481859127386,40.667072511348536,33.83073556720435
33.37299993068863,79.93611574243216,50.40937181254172
23.381437106543412,34.163826491867454,33.28200469731153
24.173304394894444,43.54640509342225,36.17904221445632
39.26321347091538,71.36161772591643,46.58518219416761
30.337890827395913,68.07230709097374,47.57996652206575
25.215279600072645,39.50861258975353,31.635515452651003
44.377434399302985,53.31818243740861,48.2260351920438
37.755676160327646,78.8360375629079,58.06447462970429
20.022554726856956,42.626246504591876,30.139975818228606
22.697155739304506,67.69278928403773,43.99282035088369
44.4206685000934,67.73496468601938,52.05756882012158
44.79739340249934,36.35249041227117,52.64089897702952
21.425342164899934,34.51834465102443,24.388632047479856
20.785415300473215,40.61572749864802,34.03467827909356
41.7306186550618,76.95619347448921,50.85768390810453
34.394156444091564,64.30065354849943,42.36009240083797
30.39450593641628,55.694492666882965,42.63539363124543
20.756273624096053,41.30899375985415,32.752896807116414
25.526827096029443,41.44626213080915,33.08757380240082
43.20706393747446,36.247440731840335,44.62338097561457
32.29464641910862,36.41758925711039,27.065113009863683
37.17414007957133,41.71585676801959,41.57222346495725
33.941535037736045,61.94632349978555,52.48359514378696
33.200247536400774,55.25829827543343,45.06462302800616
36.24471547115018,37.29866354950038,45.69643832822566
36.68369109306457,41.05342015872422,39.25223901554551
44.04327111513196,69.22564404395379,55.96177282120254
26.521290754085076,75.05911295564562,50.864820526006476
29.882243312859096,51.01458325883827,46.6409348918201
23.683798866685095,35.48226526491033,39.63783932746139
30.85233418988439,49.9222461220857,30.819723382752212
37.665044719932126,65.74716665643842,47.57180846432836
43.74327799710866,69.93199270500159,43.650465063662125
39.13120889412467,53.20686002028243,37.50655970082108
26.79279446955409,45.67540825570083,28.917321626184883
37.300939342609,40.04177916231402,44.358380973911
35.027339057795864,41.25356952959438,28.25035043052442
31.573884750534038,51.02999645332648,38.76721560197043
35.69915822024631,65.6987379743882,48.8835137094751
43.1377903917545,42.085207740122485,33.2589489171539
43.34104247319243,59.007414206061334,49.75808864665124
38.961631984754455,46.21879619782713,56.13309350839923
30.741621895929935,42.91860412985733,40.32768071907264
29.767277384237907,62.50749086058617,41.49184934914339
22.440013812749086,62.17267128885394,39.082688962492654
30.533963117059002,34.3551101342267,42.19448109106166
22.641414633142645,62.57234910611298,41.2818270193823
32.50097640396838,51.09543018940266,44.208682797419016
23.064040979689377,69.91522274348296,38.312463081389666
27.369039021970924,65.79588267165224,41.11433232319541
36.50109495708673,33.72737708178052,25.710252851953765
29.216585698318084,71.83355824914834,46.42432204671206
25.792402338539723,40.18062367413813,34.07158558494757
37.228349851111155,54.17865232536006,45.3177187242577
44.15210370931858,66.46638037282092,50.52762495111717
44.67083226992766,70.93736416191317,59.080807340070606
36.15695025616528,65.7127717855027,41.39484039274739
30.7088379704878,59.402716918577156,43.4781317377817
24.8036493379774,35.11722267956781,27.596537917503937
30.225947546056126,72.01212898283426,46.12324122064701
38.83976241237011,46.362642031562956,41.93916113538642
26.304195373663454,64.55247338921379,41.153021340185
38.57953096898742,65.52295633315786,49.75219603958676
28.975057846314666,55.42533526103058,36.61793831062212
29.114452750157255,62.97952044847584,42.66247471976919
28.85797310155813,54.54525616242307,36.152797578246364
39.18008775823577,68.75232862402541,48.884699909575666
34.56063627741773,69.72643087001464,46.74438513095037
39.70213572228508,76.25199834746314,55.21829207649229
23.313607918091787,31.78318430627089,26.645387781778823
28.430228488435592,68.62242569260263,47.30587894325968
36.39395324355259,42.714049551741276,49.11630216560707
34.65646921559359,62.27153997136384,47.31775310251989
32.793514127461435,48.3673872754856,36.0452512514529
44.991793725309215,30.45897209855095,43.24351903598114
25.91935016657098,37.487931371080656,31.55526923249291
33.005157166587594,77.8966401580246,41.652225527774426
20.243963725032156,46.13337965165503,33.2076479090388
32.76564099780063,41.86907150240356,41.0323668384621
27.29412743752382,49.82193890215622,28.625887550801927
27.735111240361196,57.54660160024041,33.63732406856083
36.00213001664447,36.63816295434933,44.76345892349137
23.262449052153475,79.65905880221348,41.05070612132091
20.450168064150194,77.025231387014,34.61586804586963
26.32541589120448,38.17849842532515,36.21886112143118
41.93923278966883,54.627141438433604,47.62655643707523
38.587871701615754,78.42723647691767,50.310550994113854
31.34294410724922,79.52397072189916,51.51522416551237
41.75871771133692,55.932504822887196,37.95483819721359
38.57853911389263,56.81532652328164,44.28737897303017
25.356043812912812,40.83361617420259,31.088831456292183
42.896772607784726,33.355974257373276,51.173387544487106
39.37074640010725,71.3584186406203,48.92229959257847
32.17809570578786,79.20534217925436,50.7764339895372
30.66371533830678,65.48202594012733,53.14318066963433
44.70789729476406,53.25754175569814,48.80372628720828
44.55090092413954,32.477737143765474,37.41730531550916
44.90783373324973,51.681109258148794,51.474811921321226
30.26768600745126,54.0160841059419,48.093093035583664
43.25016319064285,37.66360813721769,38.098349850627315
37.52210743173701,43.36730564022815,50.60514543953484
35.17147960465759,34.12411388736813,39.994431961047
35.750546617705325,34.43516371536655,34.7810396542128
40.26537234329034,39.676130031959374,42.27275193285894
26.52221306801641,75.8262835524113,51.28200189782736
39.22792500229741,63.191998320872734,48.623792782096764
26.621775513456704,55.34787853532485,41.98302969462856
33.77839005151163,51.53200419810402,37.71446074167297
40.675602106342836,63.73310477225151,58.875799570964254
43.96225805362672,40.68078339311735,45.717486295342084
23.379968088566,45.02646267836968,41.59738086727518
26.8200314817176,32.036308288148135,36.582755178862264
21.69626231512505,61.4012991455115,40.50185613592773
41.009197919551575,34.8306331217003,37.97619512934984
41.96624771597099,57.791577149958925,43.18915425252059
40.024224769896506,64.24932338744846,49.4186226834468
35.83496955662326,40.4931621050783,42.65859159378119
36.808844796957274,31.47000546361793,39.17922858790763
36.51045197024375,75.77883665689043,55.64301168801049
30.819244205214638,54.38745538120337,40.271468658739735
35.486623561451665,53.78015916557314,41.700710976679716
42.77343591711465,67.29470280614623,54.905678914285865
38.38152260222927,58.42654754418376,48.541497512983966
35.75678219366701,79.04489427644822,48.945511956666245
27.62753801599569,35.31284127698869,36.96393230703576
34.90041460048788,78.9712266679008,48.17928843253231
21.081661677405297,70.62633056387168,34.84986037023457
39.044727301879824,54.64828266004953,44.62519215717723
28.784389573077117,39.446981737593866,39.83878695922331
38.860440022659816,69.87020139135123,51.817386362399766
20.382748641425227,32.10753239892399,17.037136584388413
26.98068930357026,44.61198723974831,36.39828313560116
43.533489228541114,53.26436794848526,48.97582272659531
37.150547722645484,34.981113329000486,35.49758829982167
24.71546871226229,76.30325183950552,46.30074968552898
43.709530386660575,52.520522156009655,48.59374445611449
39.75164910793807,53.036468443336005,52.298544596658886
39.820778429014624,73.31488100729828,44.12047031832347
39.45282855688273,68.89695567710396,48.54724488652638
34.79996396568163,67.18736414614833,43.11641378062443
34.39454925200105,32.1576005563269,31.122502786176376
40.1305653699588,42.993793877747066,44.99167582368345
40.13120862321846,66.15096840222303,51.39656776509356
44.42656804655325,37.919476378686085,35.92229067853319
36.029691071049086,44.36763973872587,45.70228666891517
20.001739371756766,67.99003017555634,46.70951963145363
36.58340772575594,54.472357640460544,46.95915037944746
25.466721336949128,61.18283861206181,44.578411651130885
44.47357624924621,36.282733214057686,34.39687867200382
43.19042251290115,31.89568619638567,35.420208279326644
23.718214224733195,30.637272126086263,24.21369521969746
31.850683256176215,72.19434903406724,45.671942947967544
22.291069082654907,41.56119472064023,39.65240797630149
27.0430905141161,37.421184394227375,33.79421647167761
21.452138455964526,35.298199546377326,36.010541489408006
39.08936733598227,75.73736219500208,55.44703557180901
32.77929997341273,68.22424623215653,49.22951458741678
25.764790484091023,58.91684965225925,39.59193995117648
42.79635827013164,69.19203029531232,58.85484636061546
23.20699811213324,47.340441101100744,32.250805977389724
42.16662467870697,44.35465629593464,42.03964890690186
27.3818501521762,47.58391652349203,37.814396380940124
39.49696888909548,59.60170561643746,42.296603748198635
33.88257031663251,42.70855526908762,45.32007857731076
35.68543072527018,34.90487082275954,33.5236119148024
23.244327527277875,62.30603134099421,42.53314502784459
41.8357604951309,33.599969418828834,51.261979634543124
37.301309971350406,42.90080728280793,40.24526217583894
25.402131036605144,48.15868003109817,35.0533446268985
22.022734193432797,70.63526321691305,43.90175857907249
34.11239200469397,49.86163075788869,38.39086313407267
26.622984170239683,53.18198666661923,43.87207525243127
22.329933369997182,42.36719423581354,32.20188287929475
44.38647495856592,54.28847438279999,51.71978787441242
22.29271365313161,32.05896936164384,27.962929658323667
20.434994477288694,69.08627339935812,43.15277397888755
37.98096158019343,68.2717098984769,47.76695401616835
42.52443462975651,40.36910589389659,46.38747451278607
25.06959711354226,51.58459037844808,36.70612447629479
36.42354874748591,33.04253268654654,34.20400290342062
28.667585831072287,53.65910322836345,42.166995709735886
36.5172905390466,65.33671044983456,47.76518270392436
35.02290060848571,56.90314092698952,43.64685116061708
40.240568897102236,50.66579422794485,45.865051646770276
25.26477663017345,79.1164736324682,46.934762377092675
22.045007773976646,35.57721086661188,24.310502380375773
41.2014315004035,54.56441006791076,53.111364266047204
30.56203977379939,38.68519900013654,39.195840203269135
22.70878571168962,79.28555452478142,40.776772446001345
35.17342613469934,69.32441573714445,53.56861642464704
31.44801204202485,61.96155285325345,53.406601795654865
38.61433291354096,78.53245632303657,49.33331755590871
27.34078992927896,68.53379283707713,46.99135472401636
30.788335785601,73.3825060797285,49.53140590070222
21.703685759413833,76.95238178371763,38.13758404918653
40.70970217628728,75.44103029888018,52.44978271268258
32.76718154883755,48.16852720660013,27.561957797262203
35.394789527277446,71.88597456740217,43.46564549077642
30.124637650653774,46.77490455006784,40.371239784427694
41.979680057520895,33.48434302315629,42.08878408903809
36.58927505925223,54.0876994981318,51.70050888590235
37.75989423771621,55.80930235398325,47.88318017562545
29.89819146898879,30.515629934644352,29.14807295818319
40.15671878798085,48.65595898167071,47.8377231818836
43.92356308981218,58.182927473335866,55.87717352864361
30.166797913424052,39.42505079602047,38.20152122410296
33.27722073205433,67.18956874108807,37.583797638817934
38.63530071006606,56.525949434527675,40.44813992904521
20.524488000294397,71.3389677558026,34.31351287438103
38.45243262839138,48.007473806636355,41.55652847944826
30.796669271101713,64.17189545159027,47.77083539421546
29.931547192713822,60.55551872617285,42.99241241912499
27.991180627604816,40.857039247359495,35.517822118428626
22.757084658517226,48.48319755377061,32.9370235754582
34.83995299543477,36.2584241608176,36.762215514227385
39.254625028420804,36.056076247141206,43.09666787249558
38.52020937208696,35.504002177817625,40.29389873875206
31.558346317402762,57.99968147626586,49.4396705468083
36.109868922076984,79.6081323881033,60.78617208612155
34.219278081436414,32.69665194035927,30.387410443738688
20.182675589646244,65.22737583438868,49.934746757539585
29.47555639149399,38.019005510495816,34.14427436530433
23.175561403598515,49.0252795721311,43.46955679361437
23.42249717673317,56.90737089669787,43.19511462140898
42.23772611353496,71.51392662262762,52.24532438702928
27.976620846348002,67.29254725922343,43.06516668429055
34.01106585901334,54.11674584936642,43.36995837985612
33.573411662262004,47.183792445399845,38.86766143570519
23.497211027445324,41.597759558197254,28.934304539608224
43.00368640825279,57.166722811829636,56.1465206334358
40.37249009999701,78.70354168597223,50.21956814164243
34.047973249978185,51.830545429789126,33.74890313270575
34.36065631117472,36.87166344848046,35.51251948243342
42.13964310028661,72.49806230325436,46.0101499891332
27.962743813066155,30.88181277275879,38.37278650635956
35.793255113371615,58.834075065508024,48.567169770123755
33.10044204792034,41.12114668575836,36.540395894116514
20.516884873082233,61.17574237038683,35.39603427402057
26.26035372336407,69.90717202822873,37.14121709140832
37.07939086482263,47.17963670220665,44.2355510535007
27.66850737877283,47.73189921328807,37.49867296631225
21.027775396935976,33.726898600560745,27.16682320156938
20.36712818058694,67.72814151710736,39.031875761689754
24.997870231644107,42.290277163553704,42.284940661497586
30.75355189614904,31.614166260273493,27.998466747425425
28.76670013499467,72.72105731886434,44.973221597232
22.306332841352557,65.38570274144598,42.66592138740984
33.72141677125875,50.44444315653259,38.07705916959568
43.3539542212511,71.53685022542938,52.66267724302031
38.547984297426666,73.6217112738338,52.79656780538184
41.44048684329712,61.52569849839678,47.60218472376299
43.496676663218004,34.60682462262986,42.58295678280715
28.525715748199993,73.90184354372329,48.80134940502798
23.49309864942884,30.287333577962123,27.156867660192088
33.32186985002635,60.21038336899022,47.436542225167216
42.30248899114231,35.383648825200275,43.54057848002971
38.07653557638443,61.356751733369634,56.85675485070643
36.81454694290157,63.1538233672247,53.82280863662265
33.830168148877256,64.59075470135798,45.54164327897704
26.04592666818108,74.77686426260618,43.81212194918953
20.0487017739505,76.4980533434588,45.51066539949474
29.40728682463319,52.15727392785225,45.63946968141619
32.25227457911301,52.45808383499267,34.97810596698946
33.87943701227794,57.93642943227246,42.049412020903745
34.88865803351304,74.47754522747434,49.09168783683355
21.125148066066785,45.03125473363413,32.25479576014617
37.46013906494366,43.65440192113549,41.92790743703024
34.38799501490864,45.43153548028664,37.70102260885691
21.23054661114139,65.39773950169237,32.9515063970725
21.63531436776736,65.26996343494525,40.849756987113054
41.865936788233554,46.439494832939815,42.912936937184114
24.907989853136762,30.080166204405664,32.519144877977546
28.370866835789066,55.50831703472042,43.26324782233387
40.21522046220484,38.829506756606925,51.1443812272999
25.27676285073529,79.71233223238755,42.28652953139452
23.346545803112495,41.86292859166477,26.756357002999685
28.68844710883282,35.201703463455985,32.01509229847333
27.08510037601291,57.88446597281029,43.25428036691148
43.80975941234404,67.95138936825299,45.85845797182872
34.0745919149588,33.15446220368198,37.29053117096952
29.12508908923146,62.43952083416037,50.208913003329215
30.681477915366386,61.54044426249965,45.197833629615694
41.10795073214652,48.365116983167866,38.3324908813983
31.381825125337755,30.575306598028806,39.511310586051565
30.502267740111307,79.2224153867136,50.90668369410304
24.293530007727533,34.09406540316197,30.22666955363736
26.199295520200007,60.60380097254394,42.88575188463635
27.87734006279907,38.94673241484563,38.783773824689796
32.82066748442965,66.02235943181729,36.26079203010757
27.961861654599296,30.158061405519206,35.0274086115187
29.072631714612594,49.227427352456004,38.49345513547144
22.90572362587437,48.318557750227356,42.29073869919459
38.367149644315724,79.41700062215163,42.02257315653883
34.91755679736746,54.618679320878144,43.43273022499299
27.627726936718158,41.08987216840412,32.462813071869725
25.84422541189349,45.247372515356375,36.183617975135085
22.050023321638538,79.08290464900935,48.43330171504191
35.65222751555372,70.91464844637602,54.61742461353426
28.570384070764455,76.1203669881487,43.205612752330055
22.061039431491995,63.55069806743024,35.71107273617167
22.50249677143518,45.44606455787497,49.079077767899975
20.823556489019122,43.10449396806796,39.056506910629366
38.19874093631299,57.26835710155217,50.36447376468456
22.606672181346013,54.81689526417613,36.5306591482327
21.570377278050227,73.10958000591587,52.41699007787683
24.805666459350498,45.963137803901546,39.06031741902824
37.43228895871968,76.09922480163807,55.220378166283695
36.014651114736175,55.92089343168,40.504738960853366
40.43464966114036,69.97013522903664,52.82298077966112
42.1818716154643,72.91985614065499,52.11704996637483
23.64785214882151,59.9449731389461,44.56731013215494
38.613525954718575,75.82159722135965,51.42753471646773
43.06092257414786,78.61689967491753,51.119299513565075
31.55458533917316,40.82432557100905,43.22510621999523
31.571398467484304,44.97007122722939,41.12602802923234
26.783965481870144,42.36730779445499,26.428041610498443
35.31505034219306,54.167311225648135,51.82150183997952
20.660941568669095,51.78243517411286,43.625235101488826
39.71313850247796,79.16111159869888,55.74421774299593
43.050609009379684,53.03976261172947,48.14538145992877
38.14510689644722,62.56673240294288,43.700958502312034
44.12045116925242,35.13876529237465,49.51453140507813
34.31761366074985,69.92269573895877,53.00067767979603
29.04985906461323,64.64384401948716,48.45366081308399
22.003614290404613,61.9135206520655,41.43723000655659
23.688240875506736,39.1509009863088,28.222644240294144
24.93234655538373,75.81815421028614,40.197990248159904
27.21522932900508,64.6385287959809,37.705258424139636
44.44298683447843,49.1576980352443,51.97168857747089
36.756854246741256,35.594816423385794,35.60346377940883
41.37719944501522,44.57258679397922,51.38104263481453
31.475120414337084,52.10686020487214,42.398449149953976
42.36854397685356,67.78174456472897,48.624966050917315
40.111668983615075,34.30276107742888,39.46610270216282
21.312872372204623,31.28216852086126,31.00456282887207
42.33079055022098,47.68658452878839,46.07202321019542
28.964474243395678,57.03524185989083,42.09759788218532
44.60263510764199,54.20955896204163,41.069123226926905
20.421996602131756,79.70549111120162,38.36239656189398
22.17023156479526,58.543798478310116,24.207090437077518
37.024683381156024,54.47178208706454,47.304955711270914
34.25522517043772,50.139449290506775,48.61563885433558
42.787124665212716,73.8813363327945,58.48434765134948
41.47624334254351,42.99945070606093,50.49150115342462
29.170726243179846,49.205105487953574,44.59857817474004
30.912692571741495,66.4367926894535,43.70392531895831
40.206065769415765,45.831562722214386,38.71579202638502
34.7426234151352,43.502571238215424,33.787771551412995
25.897842108215325,45.19284030460311,42.56128218987767
41.304390254749954,61.354359570919556,42.8016536432382
30.580335356759054,51.03924041631346,39.385675786992955
31.849770412400275,68.7374609587406,43.41539263557797
22.24062143700143,74.9610764502122,39.36908717029964
21.370345698585098,51.04493364787586,40.79862241866077
23.58466141216799,58.02858655219883,33.8571446053761
36.07170906285643,47.925563528714804,50.61234606960957
37.002010327639354,74.25675349288139,50.425316091416775
23.62547295971838,31.62439955014805,29.58076315269278
27.364384079299477,41.3633956705681,39.86340008492726
26.53111495164235,59.45042296655646,40.9569404889625
42.95782686054609,57.83385261421266,40.77320627254878
38.47392595368552,54.40612045172791,47.77143611023547
44.053263706059475,31.24530115573758,42.63688095109835
22.233437683396673,57.54493302132252,45.44475510861484
41.22646871978918,36.50656061811461,39.4555375686101
26.24606214754617,71.70159782555294,45.76753622823653
38.13799029067337,61.62111669145024,46.08614137447693
34.925296640085655,40.201851828766294,41.26351868015762
24.828023499927752,31.123685689376654,30.897011481060012
33.42038593244415,61.74740302518584,48.69719705454159
30.54227933619324,67.69479214145548,47.68474247583595
27.236693623834107,52.30272794159241,42.71443984025297
20.650343555217013,60.17137856660105,37.91246815486195
28.55956728936563,79.77069969900823,47.2572951072962
32.42846582659301,45.81849701453085,46.901911232451916
28.168519525869975,79.74157548288778,47.20955637698962
24.269266481963665,65.26552670984539,42.7548998052839
36.80263257753118,69.88459219874008,48.9405653261706
38.01112666641596,44.423407556586376,46.84083958117187
21.437614886982065,42.514572412352926,35.3420435624096
33.94670487974491,68.5761920356096,47.16013987444515
29.757394674083024,35.84797019814093,43.64816596942474
28.933729592997196,53.45927479858567,39.595839606976554
23.260545233557153,75.75884799593177,52.31817551619551
20.938209848032866,51.063285259357414,38.36316458781698
37.749803506038575,40.23293252427005,47.129600770479506
37.05384451391231,68.05652326661942,54.26661396688089
41.83674294484689,68.76927870572564,53.277422365330274
23.792639580554233,42.19830534818317,29.147547134400213
25.10851722332919,40.434165324371605,40.607767597635224
29.01154544911723,37.52207986987,41.172132484946744
35.927660174917236,38.81755750793726,34.27225521668955
30.623197452725634,54.19321060412887,38.318220562518455
20.754058214136162,73.81058073016257,43.17767129956985
36.55029991691081,36.47840219059263,32.257282503380964
39.83060725892766,79.82677233956765,60.81910680959473
42.22841867732215,68.64846684485127,44.262305053261684
37.031089320186,73.10873426168632,47.36410256386317
40.247045387236554,50.97249401189785,53.44435209336804
22.877523985433136,77.43728688727387,47.54406665263133
31.391031391048564,34.49544462899676,34.033588560745294
37.807608795913254,40.707093374756184,40.178404678202654
41.26510635540752,67.75568369772259,45.523169592310545
42.7155941739001,75.91912005659232,44.38864588378436
38.31819313112746,58.626998656723,48.98313547789225
28.44238512862541,70.7964554750439,39.95838133924886
23.793307942792673,36.75292622392273,32.847413102018564
32.394913066819925,43.732088897819395,45.37529676754855
27.544256116281247,69.42954904931742,51.3370636881478
37.9105293496075,30.216460425479504,48.60693271926346
37.38965698086625,62.230110905525564,50.787588391979284
20.235138806501407,59.68411379356062,36.15303210431383
31.27047117933335,49.95554401671137,35.049476732017546
26.71897911941948,77.46020376310994,52.55824261621395
34.82289086077971,52.856545383035794,43.999096777530994
33.53279450533351,47.17003718657538,44.68191200476417
43.51480174180594,74.39749734852174,55.37986027986262
38.52015211474372,33.65429492888601,39.16975935151492
35.19640250784377,40.743014969177196,50.755273561941
35.20131986359219,56.60568340216189,36.33193892483113
31.365798620231075,66.53171457078975,46.66305182705224
26.99106863804633,76.71050310176602,38.68374349667061
35.997541491923755,75.42762714860802,57.97334664201795
40.723735501664805,66.53443261480766,46.6852422733271
40.73288192999517,39.341966850239245,41.131728687017635
23.971172188436828,59.81224533794085,47.10159649577427
20.25044700501169,62.855620113492655,37.866861463953306
40.280728749524954,54.02273598083752,48.256673328540955
21.583262064102417,58.63373954589633,30.46952175972182
28.22819553119477,72.13007051525821,45.61555156327651
31.373612133719273,70.74658558297797,47.977242743191816
34.33216784166035,72.8721992398851,41.086409956040356
29.91264531643983,32.85866374999856,34.699184506487576
38.28348647583377,32.36215536752735,36.553223086250846
34.154316094696235,62.231396249397086,49.12751238180356
20.605846097433986,68.10786311056059,40.140509713037574
36.19972055740446,78.08312162137221,58.30383462159507
44.77559038864462,71.1035917744492,45.31648642318863
25.816490748006693,41.77919716988602,38.96343893127876
20.36626861919969,60.05446673699634,36.475103768487365
32.87514056190261,70.21057617441699,47.02489272333248
26.43756158136341,30.808937222527206,36.08353879524359
24.31262090297741,47.79253656157882,45.40575089854761
23.806221505856445,65.9110065325384,49.97974083150257
23.262590025460803,44.63997805155651,33.2709837888145
20.057615323717062,63.437463102131254,33.34858997992361
39.61486610818735,79.50436727391335,61.824805004954364
27.59914231082288,68.98991026241086,52.99471156360741
23.581187510827235,61.267648374388955,36.90556833261465
34.994740509227825,32.187767178824615,38.67454930033683
22.693032290636694,65.17452668328123,41.584280049720675
36.88591742280621,56.47809425284977,46.83823221893063
33.3026618937285,47.05520278731097,42.75243331222666
32.35918994961577,31.315087382673823,30.339028124994904
22.961854435651674,62.41415318445659,43.48277751826851
40.14574288395616,37.68604033760139,45.08530811033253
32.48267264297372,58.001451751769125,46.3113507543504
31.65254452800056,63.37325041190367,38.69534708115586
34.46280293110931,47.064224714801675,40.55797658190354
24.570430371004626,77.5826229695974,41.80249092675317
32.16220569149618,72.20760505227919,50.662921053647665
29.78043562980236,68.01510211284986,46.398649201782085
43.13418093890746,74.70682529780973,58.57362811036435
26.670790704924887,44.45495846393598,36.13641012492367
34.38899265688116,67.4292294010612,53.35641980856962
22.589193135201803,45.798233835730436,40.52866568764999
42.950206386127334,64.3433873169106,51.00641062241051
44.2340754766409,38.78809560760412,46.157806718647336
44.560314592021825,52.06713872127332,43.506382436835416
41.1129671440424,58.68447209580542,42.89537549336741
42.3035395662249,65.22797198289251,45.97853747892172
24.20686614851177,41.40240292828531,34.60733106127841
40.801557222242124,35.48486551748954,51.233987695598664
20.336841033217873,49.25490887599034,29.8984133621653
34.62407525545009,55.81439513429434,49.363973182441455
29.99648715122737,78.34203335321992,48.81611146571701
33.312448924622224,73.56610540147253,57.913460473155965
20.351304712669297,54.219241552967176,36.99722826817147
37.89881058856975,43.829772971164715,47.0177866507379
41.95170954953293,50.32380425856584,50.8910520768793
35.678840656894586,61.9081484166024,45.16997008495879
28.83708123433977,70.2571922959252,51.6431472619154
33.45397478529241,33.60245114468156,44.52470581483496
42.86902501218197,59.85054428095529,53.80962832679852
35.64142633444679,43.87522813186468,43.69683553095776
20.848527236406994,78.74166401588556,48.03927783993677
31.112354240271983,31.906829240814407,40.57399419322962
30.654264228680315,30.700682389777374,35.98397900220923
36.70875102268729,74.89711121455382,62.34369208372624
39.47684792470497,78.27460359459272,55.21844765148719
20.408502715363483,52.31699852944169,39.16835921730541
27.48145784502629,46.84984754237647,37.046711557582874
33.95011620988724,48.9388251559252,45.877736139985736
33.92879385887552,39.5923273312543,44.536843972445645
37.45744566566694,47.678753116302246,32.894291250862054
32.04736648552026,36.06109944032528,34.769327594560316
40.14232601206848,66.96589111473848,53.9810675418464
33.33173155993058,37.004944753440704,36.154402521366734
26.42245042714569,69.87353308942642,45.983768921220864
24.14024357941818,49.49136900900771,42.0864158287212
26.09257246517851,30.591236384285686,30.52030008452974
22.260567107931557,50.19285186990726,37.283556355694145
23.88967490903711,71.1290181014948,50.78821142362891
43.08277337291355,34.335328704457055,46.74816214761554
25.582578648155838,57.21810894394325,37.88726874037018
21.47428955347625,63.58403122166862,40.783943510249614
21.319795528993644,50.66247073775443,38.66872996590763
38.379869360570865,44.86623201167225,36.82261737473912
28.97382415436218,31.072024944841598,31.41410035169693
37.96468073189013,32.58982194670354,36.90355801997311
43.57444026790941,30.60801481602401,38.52176320718589
25.158389525468994,32.55667585023386,32.41447025559355
35.26304409258408,70.64574340903138,54.36452107570768
21.622425249856864,56.77132347340297,38.589374080287485
43.04785813656457,57.41685024048296,49.44901750611832
30.503239933799435,78.34744551639852,51.71116498333807
30.536721259303626,35.265161456644755,39.77501686596123
39.542258795487875,55.9465950347479,46.218766322371
42.842764549600346,50.65160422879691,40.11761859608476
25.1316699014291,67.18624234451596,33.34540353238863
29.3358435166221,50.68490281171543,42.717818400195746
23.977056332624066,55.62336668505097,27.079786130347024
40.84888615851169,61.11711754779794,38.33660052539212
31.459469602485427,76.25543943643609,44.17157926849222
30.830970214226774,43.573680408271386,44.21246436928816
34.39054265998447,58.19834756781775,44.79342341655714
34.71230752556016,53.82077437434988,36.205936638464465
21.84294345305058,34.108648664248406,29.968238505425887
26.813646256415268,31.807383818656227,28.117188434548083
20.49670709259904,34.63380521233313,31.87973975287323
38.33515440461194,35.034721024970914,37.501670078613174
21.92257806005076,62.284119778152366,40.001624861008246
22.04084421095417,34.54079698932541,32.6615274260614
32.48576538403709,78.18027873995064,51.4681396456258
44.550472295889804,41.329830320494054,39.80872810363138
31.523432424174377,38.710078778432994,33.19968787433059
43.36764078850325,46.526048900572135,57.60283567532589
43.97193720398545,63.68822329397362,53.939366770894125
34.23295041866139,51.17329078541398,51.888779044769294
38.94516465127245,61.79233565409274,50.597753956046425
41.86185017698945,34.00976893400053,45.150341715365705
29.856162398707895,49.72244257412176,45.10826851269825
34.95444374028433,47.25185757953632,41.8724799311461
30.366379931239905,63.17131968711701,47.31874133283561
37.74997104147647,72.63250199193324,50.65193427106728
36.38059616962762,40.68495378249198,35.24916333672398
36.1230425513659,48.712352202387635,33.65049429684137
20.11803496865204,30.03970197132951,30.934754999915153
37.30861334363649,79.22183142304124,49.50343057476976
44.088663561206765,35.755370106950515,39.91110139035382
31.10827235558831,37.24548393370323,38.457637691597434
44.547576891289836,69.94756465024739,54.082369260323496
29.134109823733056,65.01094510037234,36.917859118801964
35.714569974039875,67.24947817657417,47.97278218507881
31.31619377727328,47.99180123061065,28.120620091257923
44.89411517626347,70.1854323381426,46.147240730039755
28.75086973900543,68.95616264219248,41.2371755072995
21.56975393933466,37.94005978665096,34.29904723573753
34.6839243580511,67.10800246902636,51.58823695632082
37.23617953729942,37.85643777122895,35.34868274688846
34.502129481501086,73.24516279680303,45.771383748048564
41.12434815696304,32.009338666364116,47.86365639084244
37.19033456937636,37.7801351172147,33.15081707840914
34.69553975332543,61.267337173626686,51.70282914088804
37.32952111411741,51.09874151723033,42.97363635282348
40.11092244208115,42.01665139750406,42.02527162493241
35.665068077640086,76.31278753756993,47.31487778042162
39.51099568128788,47.27207185493451,40.69203804027441
37.39006872345155,63.54839885214464,49.74111276583619
20.811552599408653,30.820715319987507,27.661996831088313
28.856277217897556,55.657596713241915,36.561392660857706
33.07747048998093,76.67292589605553,45.81601570906834
41.406617309033884,30.573963620286825,34.88452984112214
30.57323132663831,71.33642678399653,41.3314163432694
29.084619965235262,39.882836095120155,28.86157294883018
20.224629492363917,70.97073368296473,42.01018832424243
25.522877233888718,55.01004662025338,36.066707488890664
39.85440923188641,57.6850958447119,49.22186623953893
30.637247706500446,41.95533124122565,37.9706880751546
40.20088394732878,44.33499188926072,44.876376127842946
20.031109519952974,79.91519073420783,48.67007096064158
32.934540636903364,52.0712060473442,38.05553259029566
26.386664691815987,55.72954216481857,39.25820283834055
38.58558503256101,70.90051031092193,44.777946845018064
20.090034354937238,47.80265211609368,37.00742664241164
24.002143586130433,36.026110739527276,39.05814617319284
23.154915926008744,33.00766697471217,32.626775024658556
24.189721240772514,41.21311512644834,22.867757849932854
32.46982691973426,59.72140141523608,40.115770228471916
44.191271092211494,51.454276740725334,46.02105376318181
36.48318205924993,46.888244894348915,36.0561726351396
41.25683445002608,61.28801946599093,51.50457611401479
44.681243961538144,75.89340527995572,49.58698124771549
24.881882304593468,54.500740944797315,31.99272151208639
35.7754782363229,76.91232784315994,49.07473196425675
35.178115192868205,71.17527011063298,54.623807716854934
27.69866469428004,30.86369659755934,41.90129049883964
39.70923166668645,39.71868137274248,38.51153837745248
21.978102617826412,74.40852794049255,45.77830519689601
39.24266745076033,42.30164449649505,34.88211941669778
30.246920480502162,31.805801482789064,38.84866095894382
37.35592864403415,52.739989770676914,46.08431545859598
24.53510694575361,62.92666826883137,45.64210689076022
37.709839582232235,33.073446823085824,34.66603504314069
33.78001535760974,62.78578671918835,48.782759318698496
27.387744345746757,78.28691141023441,45.709712560216175
44.07426003203467,33.482303202222354,47.104625994999786
27.812929228685114,55.62079737269444,32.861437349756585
36.778916708909094,34.39736482865573,33.080721318979954
41.50492017745322,49.655345248607716,49.66413803535421
21.511250663274158,54.1182069472388,36.73959777816577
23.13893210702751,38.001181696199936,25.808209871841722
20.773092445503337,54.05814830464443,42.267391127795335
36.32040785535505,44.50621045437772,40.51989666226716
43.60858628529569,45.51831463089237,46.781548191137496
33.17875300225886,59.12986874660821,41.85796634188779
32.4269549881324,63.280696993687116,41.973914849289024
33.480277017499176,61.778779250252924,42.26799277547257
44.556722064229206,43.771345627313266,42.377066704899846
26.250381870408027,49.243488401936546,39.24922557153809
37.83316609945419,46.84208127361562,40.57998474900194
27.967872313115418,32.3802381127331,22.860027993452146
33.58094492024596,58.31521589231466,39.089430735152426
40.81131899928896,38.84359711817832,29.70062549816087
23.046514276186564,44.3308322233703,35.716625552761
33.980728475059884,60.159015819522494,44.577296608757415
30.29772457878464,77.2414869862096,56.72560322660455
31.99231914979363,53.29769290494997,39.10045187807794
26.7383208278655,66.15207605839062,44.512324807560304
40.70593184412323,48.845110689905795,45.00858414761938
38.45765048294971,58.57671812571547,37.453108552132825
20.697316427634856,35.66562942433496,30.919865210926197
35.41110623270451,73.99421341674935,49.27522779360304
20.67201691667132,39.08820380923686,36.489121375361
21.28171329358606,67.33522772866208,43.37362625153639
43.72987068964232,43.81064985657119,42.19550315528292
28.231402149048932,45.898842058427,39.020303865694686
23.90919712943997,34.26111115842605,26.354391252966835
24.248007983713233,39.79678325701964,38.60599881000128
43.04862503474598,65.31094254429141,52.72859375204747
37.81191849569157,66.83787260801685,50.7773186146056
22.359165376374563,57.01092713859134,42.03132397212916
41.081363616897356,40.79611454848127,33.888648017696426
31.04602488073415,34.85838763089631,38.83045400898156
29.404822379197853,42.4192200379681,36.47701489263433
31.016807919500163,43.58769185599979,44.163615957809895
31.656992935618668,42.87562638600054,42.5279500538355
32.37123363491814,38.633444826843416,43.27190331503784
29.670213231848727,62.79555010903364,43.33382038234368
25.205844611677236,33.955368051795446,40.845940240337015
40.46750014952878,59.6669836907322,53.2568662131197
41.81917492729251,77.2655079177305,53.012144485333806
21.74971783560703,69.5131825818701,42.17810711801478
37.667221917932864,30.378555987914424,45.707611393776176
20.93543009787146,75.33812212011,47.584856944214565
36.68243104368772,74.66666554653162,44.199783969650554
23.35996393616559,79.43054529470288,42.073063639359525
35.48153990999046,78.25478301007598,56.96013572958792
44.66133837626862,49.56361770009515,50.56019190957198
33.729600611579016,53.484572456808834,45.46720607277402
28.779320390835622,52.59637923749003,37.6878050793929
36.58618359915032,48.732802252618285,41.03232688066437
24.691502410839433,69.37867858323827,37.210692153275865
23.718433875808206,71.28970496350587,44.9602140959616
24.452016240364184,41.23099189157118,34.7211500068347
36.12657639055111,44.48384703113978,41.50125969834079
20.598019960626488,41.617710125195046,32.93139990026533
38.131822751855935,65.89236193856783,42.4016627595697
36.16182552474008,65.3131773267222,47.917183270295496
21.950455656022523,55.358931211488255,31.622491858345647
23.404573964659015,41.492143236568666,32.118400799675925
26.89044300025144,34.67269848055682,34.55090016852763
43.401068732435526,47.26120811933103,48.357353863001464
35.32521211702564,73.15526634648796,50.31543517584018
33.150959518764886,37.28313936603768,45.72623532304053
39.090819838369875,32.80434989640588,35.9764655291525
35.52374367789102,44.4878680395792,41.74297541832286
30.403650304487414,58.543256387920174,39.695704942398706
39.02213400910246,53.96123642241864,48.17545580530971
44.321038551871105,30.219917689646277,41.14612812489989
43.239077731863254,46.37810605936784,49.52981433066922
36.329453220582565,35.551728546132836,37.07250152834203
33.26213127210824,62.80817602909723,53.41821653282928
38.93594004755808,34.89716581273645,42.56572997628078
40.78582904798714,63.57282422985877,38.97750381346009
27.935132772753825,31.304834485634622,30.084582108282223
36.97139816794102,33.58107922414902,32.372081146417834
29.014534409855166,58.412611345731335,43.20013905745181
39.710182208083175,36.77982408003249,36.6610620856209
30.87880549946343,66.76356088459104,55.134383610590696
29.452117167380884,42.08983366895139,32.83682897182625
44.042814275989954,34.85275211332218,40.851766946324084
32.79585305086186,79.31040141684889,51.51963623407871
25.712947366030285,56.012823845637016,47.93130791797441
39.32622995244797,31.101189103053134,36.03073739736011
34.86537189419582,37.555359993888885,40.58394351952709
44.03647573604806,56.7880815222893,40.917455536024256
21.32360910770307,51.22049102170031,41.36878060053239
25.20831612462891,60.786005299015024,42.79748055469179
27.65037104291518,33.169250568443005,29.417982605723115
23.307129499131904,57.17546962940146,39.40813368917976
23.50649572464013,68.42541232413024,40.50016261858863
40.288222578884564,67.8327121341093,49.82197030016352
25.130269109883002,68.44879127329115,40.74869625471414
28.364886384049008,53.55920033900721,41.26069285293685
34.815876639256416,59.93684942044695,48.32430477866083
33.63240771618886,70.0587533159609,40.12887010051532
34.19968279982641,46.65182281522263,44.15759005593321
43.025321975503786,60.98348261435476,45.34989680091218
31.767424238535593,66.17747347809666,45.899846398699275
20.4190839618103,59.193481721187325,35.07605235993192
25.068189574089196,36.722501242667704,38.42030142792743
29.57019943055926,54.17661531107705,46.87092703438373
25.08670205460205,41.12854403115686,43.44440996801676
44.78535176961974,32.3765747161181,37.92137590119224
37.75098303977512,49.00669653474296,51.49368387737419
20.69943374725022,53.25593649079108,31.062502002559036
44.04593655197016,73.79172243771806,54.68864125647525
40.09424562099558,33.143437447639954,42.656990548949715
28.564279025737207,48.682713066133296,50.258301694926686
25.070034351515986,44.274394510139814,39.87170350067419
38.44497879817643,36.15093382309858,35.48600760741705
33.89365728921847,78.62931629900433,43.515951181486145
27.10116744740598,76.41400255004487,45.08888204093391
25.137905107158318,40.65938030166829,21.482051481506183
43.71301650110204,47.58511004189282,49.061415669846625
35.05492538168582,45.95482014834445,40.63801060503177
41.69296907725551,70.55938942707559,47.51086862213483
29.56058616906163,66.5488395575455,43.503680242161664
23.979826503720176,63.11662339327632,46.989302965475375
31.272597061893784,71.73250148916031,48.52721236390093
29.908208095259752,70.84428541442293,45.79522204710752
27.056382813212373,79.93815208723879,43.61636807745593
35.512906602932475,58.70851661947489,39.72094660390954
44.97039833381143,38.690936281514425,48.00323443205219
44.829900484313896,77.36592001170962,56.69642746284119
25.702573786025276,53.03519337926905,39.635803391140385
39.30815608988887,62.58963908167969,52.768914064829815
21.443856488448553,59.43458313069806,38.93694999936304
33.16476522945433,79.58253787056151,51.84300716480659
39.19000572428196,77.37460143970995,52.05999115565418
33.775659864976966,68.40164640542946,49.30260927055906
20.298750944027343,55.50486888742446,37.49572757792029
23.910119885879233,34.481811149925264,31.78077643011088
34.22731376973071,61.593205697504466,39.16864637050716
38.92279105826675,64.72237894699697,48.03320570722236
40.13422889746154,56.65293563313064,46.155789156001845
22.309462496388047,40.6627827363218,34.06763559251004
33.0748851781691,43.41134060760814,43.67089971919603
26.28122823143189,61.00067931368467,40.02944477029784
38.00911044554016,56.83550496801192,47.14857714599542
39.63403189986544,37.9247057498666,41.84746658514275
36.00039059817881,54.795907254635885,48.40030858714217
32.84319072861119,72.52119431772896,49.100752163271615
39.22249207552288,48.60169603328815,31.986863220034945
44.401969547817394,66.86245182677021,52.207618774786845
23.848962236151007,52.84444469674608,50.93215588224635
43.845881210297556,44.59326090611583,43.03903725450942
24.424247639016684,53.287825889085205,42.86209228795714
44.73878080343101,30.14857022661508,43.04479122542453
26.827305368870924,41.805596732795856,42.461248146709835
21.37068091067456,42.165985686661976,28.05168875603897
29.38668943359265,49.66760715576795,46.541507295556684
40.73548212414963,64.9543707893138,58.7477586934497
44.65844158766656,55.44252674987138,49.01961421467262
38.206556385162266,51.09105161385367,50.8773954260711
39.13027885317142,46.10366819863294,45.74642783040428
43.25875533631276,73.98020913934057,56.4814422355163
32.434728245391454,67.26226368957046,46.20354690443698
39.21822056557733,77.59534836327023,43.16888507601323
26.472581144406636,31.8282879693795,36.49441316923322
35.05286837499487,62.90764928269429,45.88223676415792
33.67945040794387,67.51601717253084,49.3581171972878
33.24953232538489,57.25105625177964,51.95357760160765
30.19249339571732,49.18421512100973,44.49575297928424
28.481653158228326,71.96973443164816,41.98042743830986
22.501713928316907,37.16794473588732,29.954426812150068
34.94245522945639,72.55686639777252,44.20638067020822
35.123590405585816,58.09426507819244,51.27999791258279
28.86498287154056,46.685833652377966,28.878246548423945
23.995470928855404,39.79457686871708,37.56606372760399
33.94255930434662,36.10072978419296,41.149580837521114
30.123627187096503,77.75627171131137,46.07422882363636
36.809980246857236,79.68601987680303,55.9626150868169
42.301247008925074,76.17325292596877,64.8954123924367
31.374455830960823,72.89081054522,52.81869415949139
44.503923833819115,43.92118309525178,42.67769887689452
42.96694841696183,56.96300996952009,46.55837572936489
30.268684924895076,77.78299097889831,35.84817392692953
36.200706479874924,43.76184241073471,49.09375052635158
39.64870293379815,46.450379074018855,46.170845164591256
33.244663332805594,42.9583101314759,46.24872010104232
27.17849129276846,38.308187954976496,35.716549183272434
35.85947067889025,78.63686447967626,55.31563849251377
38.22395650635164,53.29599897794961,53.17613918905906
20.349922650957975,47.839103745489794,39.78554082325307
27.86566222800616,66.95283792784335,47.27290489197399
42.789029881159394,41.8011228066071,48.74938191886622
25.90606527155025,76.74091153457744,47.67326922365055
41.885368289605815,59.3923760828553,45.238663461377904
33.09821623135472,63.43055048766121,36.12430790985829
23.581809118820136,63.03055448694174,35.496480383525245
23.233846685824346,60.926550824752255,34.10983912071252
25.873512567177563,62.01997880216427,45.0401387786209
